"path","bytes","sha256"
"hls_csim_status.csv","533","72d4bf5eb376b771fed1eac6f3febbcfa57f5bbdef837080fbccfff52ea3f4e6"
"hls_csynth_status.csv","1092","448a55e0b3dc2adb72d9646d012408b01ccc48ffa7e19c27ea3c494d00020ea0"
"preflight.csv","1755","5d20866cf41db5cb6a0e0e539ad8e435162dd3ceb7e544a3344064f90680665f"
"benchmark\benchmark_status.csv","273","6871503e361935ac2d3ba3984386f0761ba0727aae31a2e4002a29c2564b7345"
"logs\preflight.log","178","cf4af251008b7c4d2684723fde1af7912230ccb4d2a81731f996a46a3931e36b"
"logs\slam_ekf_update_core_gpp_csim.log","678","e0229365550996e0b99f31e5572de7540b9c5777a94ab22ea6c08621b637c497"
"logs\slam_ekf_update_core_hls_csim.log","5440","fb30f6e1f076181cd2794be14afc1841740a14a5a05c64665a18d19ee681e4c6"
"logs\slam_ekf_update_core_hls_csynth.log","134498","5b85eea6d2967e8d6c007a70c043fed4e154a95e3367591a80f5c6d5328c2f67"
"logs\slam_loc_iterative_core_gpp_csim.log","1054","6acc03e23f25d2129e59ad657d5e7a075f5a3d1028fb2828de73a008262f58d3"
"logs\slam_loc_iterative_core_hls_csim.log","5634","c25a6aa64c455dc48b99347aea00582dab212763132612ac94f8c38d57156858"
"logs\slam_loc_iterative_core_hls_csynth.log","102112","14060148e14a683a38a57beb6004bddd72682d847e6b29e02e8443af8e549dee"
"logs\unified_surfel_observation_core_gpp_csim.log","4714","ec4cbd3272e43fe71d2c1b39ab0e5dda2548183da86174df90225465a0f54065"
"logs\unified_surfel_observation_core_hls_csim.log","9550","9e9cf561fe29878a15e32d04e4913e42ccfafedc39ac2cfd822239794ec66dd6"
"logs\unified_surfel_observation_core_hls_csynth.log","138488","6e71b7ea62f9a7e6bd8c4b8aa385b54260ef200e9159882b07d91bbbf7bf3085"
"reports\ax7z100_pcie_mig_impl_timing_summary.txt","903097","b2251a073550afe62590a87cb38ff61b0d52ebd2f1854285287b5fd01be21f34"
"reports\ax7z100_pcie_mig_impl_utilization.txt","14071","ec99c0ef2fe90c5b12720b20dad6f6dbe1c6c2ce8cc7c96d28aa0e35886b72b0"
"reports\slam_ekf_update_core_csynth.rpt","15157","410f5ac0c994b5e7c0a5e84d0c0e77191f8326c079e905333dece75d52cfd164"
"reports\slam_loc_iterative_core_csynth.rpt","24501","1170aea1c8b6bf0847d3f3da6a87160f835545df18d0991bca5628210968c464"
"reports\summary.md","10438","19a4bbe3e8aa8b096a4a19d79221e3783fc37dc7840291282582a43df27e8e88"
"reports\unified_surfel_observation_core_csynth.rpt","31636","4bceaca4d34d2ac84d2ec0a8d7428385d1c435d991629df0e24c56e243c40c02"
