"name","pass","required","detail"
"tool_git","True","True","E:\Git\cmd\git.exe"
"tool_cmake","True","True","E:\CMake\cmake-3.30.1-windows-x86_64\bin\cmake.exe"
"tool_python","True","True","E:\miniconda3\python.exe"
"tool_ssh","True","True","C:\WINDOWS\System32\OpenSSH\ssh.exe"
"tool_scp","True","True","C:\WINDOWS\System32\OpenSSH\scp.exe"
"tool_vivado","True","True","E:\Xilinx\Vivado\2018.3\bin\vivado.bat"
"tool_vivado_hls","True","True","E:\Xilinx\Vivado\2018.3\bin\vivado_hls.bat"
"tool_xsdb","True","True","E:\Xilinx\Vivado\2018.3\bin\xsdb.bat"
"tool_hw_server","True","True","E:\Xilinx\Vivado\2018.3\bin\hw_server.bat"
"git_branch","True","True","current=dev-acc expected=dev-acc"
"path_fpga_golden_localization_frame_000001","True","True","F:\Project_HITZRI\26-06-06_Lightninglm_fpga_acc\lightning-lm-acc\fpga\golden\localization\frame_000001"
"path_fpga_golden_localization_iterative_frame_000001","True","True","F:\Project_HITZRI\26-06-06_Lightninglm_fpga_acc\lightning-lm-acc\fpga\golden\localization_iterative\frame_000001"
"path_fpga_golden_mapping_frame_000001","True","True","F:\Project_HITZRI\26-06-06_Lightninglm_fpga_acc\lightning-lm-acc\fpga\golden\mapping\frame_000001"
"path_fpga_golden_mapping_update_frame_000001","True","True","F:\Project_HITZRI\26-06-06_Lightninglm_fpga_acc\lightning-lm-acc\fpga\golden\mapping_update\frame_000001"
"path_fpga_vivado_slam_accel_ax7z100_pcie_mig_create_bd_tcl","True","True","F:\Project_HITZRI\26-06-06_Lightninglm_fpga_acc\lightning-lm-acc\fpga\vivado\slam_accel_ax7z100_pcie_mig\create_bd.tcl"
"orin_user_configured","False","True","ORIN_USER is unset"
"orin_root_configured","False","True","ORIN_ROOT is unset"
"orin_ssh_port","True","True","192.168.31.119:22 reachable"
